,Player,Position,EspnId,EspnHeadshot
0,Nathan MacKinnon,C,3041969,https://a.espncdn.com/i/headshots/nhl/players/full/3041969.png
1,Leon Draisaitl,C,3114727,https://a.espncdn.com/i/headshots/nhl/players/full/3114727.png
2,Nikita Kucherov,RW,2563060,https://a.espncdn.com/i/headshots/nhl/players/full/2563060.png
3,Mitch Marner,RW,3899937,https://a.espncdn.com/i/headshots/nhl/players/full/3899937.png
4,Connor McDavid,C,3895074,https://a.espncdn.com/i/headshots/nhl/players/full/3895074.png
5,Kyle Connor,LW,3899952,https://a.espncdn.com/i/headshots/nhl/players/full/3899952.png
6,Mikko Rantanen,RW,3899938,https://a.espncdn.com/i/headshots/nhl/players/full/3899938.png
7,David Pastrnak,RW,3114778,https://a.espncdn.com/i/headshots/nhl/players/full/3114778.png
8,Jack Eichel,C,3648002,https://a.espncdn.com/i/headshots/nhl/players/full/3648002.png
9,Mark Scheifele,C,2562632,https://a.espncdn.com/i/headshots/nhl/players/full/2562632.png
10,Martin Necas,C,4233586,https://a.espncdn.com/i/headshots/nhl/players/full/4233586.png
11,Jack Hughes,C,4565222,https://a.espncdn.com/i/headshots/nhl/players/full/4565222.png
12,Quinn Hughes,D,4320548,https://a.espncdn.com/i/headshots/nhl/players/full/4320548.png
13,Jesper Bratt,LW,4268771,https://a.espncdn.com/i/headshots/nhl/players/full/4268771.png
14,Travis Konecny,RW,3900169,https://a.espncdn.com/i/headshots/nhl/players/full/3900169.png
15,Sidney Crosby,C,3114,https://a.espncdn.com/i/headshots/nhl/players/full/3114.png
16,Sam Reinhart,C,3114722,https://a.espncdn.com/i/headshots/nhl/players/full/3114722.png
17,Zach Werenski,D,3899972,https://a.espncdn.com/i/headshots/nhl/players/full/3899972.png
18,Cale Makar,D,4233563,https://a.espncdn.com/i/headshots/nhl/players/full/4233563.png
19,Clayton Keller,RW,4024857,https://a.espncdn.com/i/headshots/nhl/players/full/4024857.png
20,Lucas Raymond,LW,4697385,https://a.espncdn.com/i/headshots/nhl/players/full/4697385.png
21,Kirill Marchenko,RW,4587996,https://a.espncdn.com/i/headshots/nhl/players/full/4587996.png
22,Brandon Hagel,LW,4065019,https://a.espncdn.com/i/headshots/nhl/players/full/4065019.png
23,Brayden Point,C,3151187,https://a.espncdn.com/i/headshots/nhl/players/full/3151187.png
24,Artemi Panarin,LW,3891952,https://a.espncdn.com/i/headshots/nhl/players/full/3891952.png
25,William Nylander,RW,3114736,https://a.espncdn.com/i/headshots/nhl/players/full/3114736.png
26,Kirill Kaprizov,LW,3942335,https://a.espncdn.com/i/headshots/nhl/players/full/3942335.png
27,Tim Stutzle,C,4697384,https://a.espncdn.com/i/headshots/nhl/players/full/4697384.png
28,Jake Guentzel,C,3042083,https://a.espncdn.com/i/headshots/nhl/players/full/3042083.png
29,Sebastian Aho,C,3904173,https://a.espncdn.com/i/headshots/nhl/players/full/3904173.png
30,Nick Suzuki,C,4233594,https://a.espncdn.com/i/headshots/nhl/players/full/4233594.png
31,Dylan Strome,C,3899933,https://a.espncdn.com/i/headshots/nhl/players/full/3899933.png
32,Matt Duchene,C,5161,https://a.espncdn.com/i/headshots/nhl/players/full/5161.png
33,Filip Forsberg,LW,2968772,https://a.espncdn.com/i/headshots/nhl/players/full/2968772.png
34,Dylan Larkin,C,3114755,https://a.espncdn.com/i/headshots/nhl/players/full/3114755.png
35,Gabriel Vilardi,C,4233583,https://a.espncdn.com/i/headshots/nhl/players/full/4233583.png
36,Jason Robertson,LW,4233875,https://a.espncdn.com/i/headshots/nhl/players/full/4233875.png
37,Matthew Tkachuk,LW,4024854,https://a.espncdn.com/i/headshots/nhl/players/full/4024854.png
38,Nikolaj Ehlers,LW,3114741,https://a.espncdn.com/i/headshots/nhl/players/full/3114741.png
39,Cole Caufield,RW,4565236,https://a.espncdn.com/i/headshots/nhl/players/full/4565236.png
40,Marco Rossi,C,4697391,https://a.espncdn.com/i/headshots/nhl/players/full/4697391.png
41,Mark Stone,RW,5545,https://a.espncdn.com/i/headshots/nhl/players/full/5545.png
42,Josh Morrissey,D,3042016,https://a.espncdn.com/i/headshots/nhl/players/full/3042016.png
43,Mikael Granlund,C,5831,https://a.espncdn.com/i/headshots/nhl/players/full/5831.png
44,Rickard Rakell,RW,2562629,https://a.espncdn.com/i/headshots/nhl/players/full/2562629.png
45,Tage Thompson,C,4024988,https://a.espncdn.com/i/headshots/nhl/players/full/4024988.png
46,Matt Boldy,LW,4565233,https://a.espncdn.com/i/headshots/nhl/players/full/4565233.png
47,Connor Bedard,C,5149125,https://a.espncdn.com/i/headshots/nhl/players/full/5149125.png
48,Aleksander Barkov,C,3041970,https://a.espncdn.com/i/headshots/nhl/players/full/3041970.png
49,Shea Theodore,D,3042055,https://a.espncdn.com/i/headshots/nhl/players/full/3042055.png
50,Adrian Kempe,RW,3114802,https://a.espncdn.com/i/headshots/nhl/players/full/3114802.png
51,Anze Kopitar,C,3183,https://a.espncdn.com/i/headshots/nhl/players/full/3183.png
52,John Tavares,C,5160,https://a.espncdn.com/i/headshots/nhl/players/full/5160.png
53,Nico Hischier,C,4233555,https://a.espncdn.com/i/headshots/nhl/players/full/4233555.png
54,Drake Batherson,RW,4271734,https://a.espncdn.com/i/headshots/nhl/players/full/4271734.png
55,Aliaksei Protas,C,4587943,https://a.espncdn.com/i/headshots/nhl/players/full/4587943.png
56,Wyatt Johnston,C,4874740,https://a.espncdn.com/i/headshots/nhl/players/full/4874740.png
57,Logan Cooley,C,5080143,https://a.espncdn.com/i/headshots/nhl/players/full/5080143.png
58,Brad Marchand,LW,3852,https://a.espncdn.com/i/headshots/nhl/players/full/3852.png
59,Pierre-Luc Dubois,C,4024833,https://a.espncdn.com/i/headshots/nhl/players/full/4024833.png
60,Jordan Kyrou,C,4062251,https://a.espncdn.com/i/headshots/nhl/players/full/4062251.png
61,Tomas Hertl,C,2976844,https://a.espncdn.com/i/headshots/nhl/players/full/2976844.png
62,Sean Monahan,C,3041996,https://a.espncdn.com/i/headshots/nhl/players/full/3041996.png
63,Nick Schmaltz,C,3114770,https://a.espncdn.com/i/headshots/nhl/players/full/3114770.png
64,Brady Tkachuk,LW,4319858,https://a.espncdn.com/i/headshots/nhl/players/full/4319858.png
65,Evan Bouchard,D,4352722,https://a.espncdn.com/i/headshots/nhl/players/full/4352722.png
66,Seth Jarvis,C,4697396,https://a.espncdn.com/i/headshots/nhl/players/full/4697396.png
67,JJ Peterka,RW,4697438,https://a.espncdn.com/i/headshots/nhl/players/full/4697438.png
68,Victor Hedman,D,5157,https://a.espncdn.com/i/headshots/nhl/players/full/5157.png
69,Bryan Rust,RW,2591155,https://a.espncdn.com/i/headshots/nhl/players/full/2591155.png
70,Jared McCann,LW,3114777,https://a.espncdn.com/i/headshots/nhl/players/full/3114777.png
71,Auston Matthews,C,4024123,https://a.espncdn.com/i/headshots/nhl/players/full/4024123.png
72,Alex DeBrincat,RW,4063433,https://a.espncdn.com/i/headshots/nhl/players/full/4063433.png
73,Adam Fox,D,4197146,https://a.espncdn.com/i/headshots/nhl/players/full/4197146.png
74,Anders Lee,LW,5793,https://a.espncdn.com/i/headshots/nhl/players/full/5793.png
75,Bo Horvat,C,3042002,https://a.espncdn.com/i/headshots/nhl/players/full/3042002.png
76,Anthony Cirelli,C,3941973,https://a.espncdn.com/i/headshots/nhl/players/full/3941973.png
77,Troy Terry,RW,3942905,https://a.espncdn.com/i/headshots/nhl/players/full/3942905.png
78,Connor McMichael,C,4565246,https://a.espncdn.com/i/headshots/nhl/players/full/4565246.png
79,Lane Hutson,D,5080230,https://a.espncdn.com/i/headshots/nhl/players/full/5080230.png
80,Dylan Holloway,LW,4697397,https://a.espncdn.com/i/headshots/nhl/players/full/4697397.png
81,Alex Ovechkin,LW,3101,https://a.espncdn.com/i/headshots/nhl/players/full/3101.png
82,Jonathan Marchessault,RW,2967072,https://a.espncdn.com/i/headshots/nhl/players/full/2967072.png
83,Tom Wilson,RW,2970615,https://a.espncdn.com/i/headshots/nhl/players/full/2970615.png
84,Chandler Stephenson,C,3067858,https://a.espncdn.com/i/headshots/nhl/players/full/3067858.png
85,J.T. Miller,C,2590852,https://a.espncdn.com/i/headshots/nhl/players/full/2590852.png
86,Jason Zucker,LW,2593315,https://a.espncdn.com/i/headshots/nhl/players/full/2593315.png
87,Carter Verhaeghe,C,3042088,https://a.espncdn.com/i/headshots/nhl/players/full/3042088.png
88,Timo Meier,RW,3899978,https://a.espncdn.com/i/headshots/nhl/players/full/3899978.png
89,Rasmus Dahlin,D,4294163,https://a.espncdn.com/i/headshots/nhl/players/full/4294163.png
90,Andrei Svechnikov,RW,4352683,https://a.espncdn.com/i/headshots/nhl/players/full/4352683.png
91,William Eklund,LW,4874721,https://a.espncdn.com/i/headshots/nhl/players/full/4874721.png
92,Macklin Celebrini,C,5206628,https://a.espncdn.com/i/headshots/nhl/players/full/5206628.png
93,Mats Zuccarello,RW,5560,https://a.espncdn.com/i/headshots/nhl/players/full/5560.png
94,Jonathan Huberdeau,C,2562606,https://a.espncdn.com/i/headshots/nhl/players/full/2562606.png
95,Alex Tuch,RW,3114766,https://a.espncdn.com/i/headshots/nhl/players/full/3114766.png
96,Robert Thomas,C,4233637,https://a.espncdn.com/i/headshots/nhl/players/full/4233637.png
97,Claude Giroux,RW,3775,https://a.espncdn.com/i/headshots/nhl/players/full/3775.png
98,Erik Karlsson,D,5164,https://a.espncdn.com/i/headshots/nhl/players/full/5164.png
99,Nazem Kadri,C,5349,https://a.espncdn.com/i/headshots/nhl/players/full/5349.png
100,Roman Josi,D,5436,https://a.espncdn.com/i/headshots/nhl/players/full/5436.png
101,Jaden Schwartz,C,5835,https://a.espncdn.com/i/headshots/nhl/players/full/5835.png
102,Roope Hintz,C,3904183,https://a.espncdn.com/i/headshots/nhl/players/full/3904183.png
103,Neal Pionk,D,3988847,https://a.espncdn.com/i/headshots/nhl/players/full/3988847.png
104,Evgeni Malkin,C,3124,https://a.espncdn.com/i/headshots/nhl/players/full/3124.png
105,Kyle Palmieri,C,5517,https://a.espncdn.com/i/headshots/nhl/players/full/5517.png
106,Dougie Hamilton,D,2562605,https://a.espncdn.com/i/headshots/nhl/players/full/2562605.png
107,Teuvo Teravainen,C,2592095,https://a.espncdn.com/i/headshots/nhl/players/full/2592095.png
108,Oliver Bjorkstrand,RW,3042095,https://a.espncdn.com/i/headshots/nhl/players/full/3042095.png
109,Conor Garland,RW,3939718,https://a.espncdn.com/i/headshots/nhl/players/full/3939718.png
110,Pavel Dorofeyev,LW,4587588,https://a.espncdn.com/i/headshots/nhl/players/full/4587588.png
111,Anton Lundell,C,4697395,https://a.espncdn.com/i/headshots/nhl/players/full/4697395.png
112,Dylan Guenther,RW,4874723,https://a.espncdn.com/i/headshots/nhl/players/full/4874723.png
113,Matvei Michkov,RW,5149170,https://a.espncdn.com/i/headshots/nhl/players/full/5149170.png
114,Jake Sanderson,D,4697386,https://a.espncdn.com/i/headshots/nhl/players/full/4697386.png
115,Kent Johnson,C,4781553,https://a.espncdn.com/i/headshots/nhl/players/full/4781553.png
116,Matthew Knies,LW,4874919,https://a.espncdn.com/i/headshots/nhl/players/full/4874919.png
117,Dmitri Voronkov,LW,4915856,https://a.espncdn.com/i/headshots/nhl/players/full/4915856.png
118,Steven Stamkos,C,5037,https://a.espncdn.com/i/headshots/nhl/players/full/5037.png
119,Ryan Nugent-Hopkins,C,2562624,https://a.espncdn.com/i/headshots/nhl/players/full/2562624.png
120,Ivan Barbashev,C,3114985,https://a.espncdn.com/i/headshots/nhl/players/full/3114985.png
121,Brock Boeser,RW,3899979,https://a.espncdn.com/i/headshots/nhl/players/full/3899979.png
122,Jakob Chychrun,D,4024950,https://a.espncdn.com/i/headshots/nhl/players/full/4024950.png
123,Elias Pettersson,C,4233566,https://a.espncdn.com/i/headshots/nhl/players/full/4233566.png
124,John Carlson,D,5118,https://a.espncdn.com/i/headshots/nhl/players/full/5118.png
125,Tyler Toffoli,C,5550,https://a.espncdn.com/i/headshots/nhl/players/full/5550.png
126,Brock Nelson,C,5798,https://a.espncdn.com/i/headshots/nhl/players/full/5798.png
127,Vincent Trocheck,C,2563036,https://a.espncdn.com/i/headshots/nhl/players/full/2563036.png
128,Pavel Zacha,C,3899949,https://a.espncdn.com/i/headshots/nhl/players/full/3899949.png
129,Fabian Zetterlund,LW,4587837,https://a.espncdn.com/i/headshots/nhl/players/full/4587837.png
130,Cole Perfetti,C,4697392,https://a.espncdn.com/i/headshots/nhl/players/full/4697392.png
131,Moritz Seider,D,4565227,https://a.espncdn.com/i/headshots/nhl/players/full/4565227.png
132,Jamie Benn,LW,3998,https://a.espncdn.com/i/headshots/nhl/players/full/3998.png
133,Zach Hyman,LW,5509,https://a.espncdn.com/i/headshots/nhl/players/full/5509.png
134,Pavel Buchnevich,LW,3042081,https://a.espncdn.com/i/headshots/nhl/players/full/3042081.png
135,Sam Bennett,C,3114732,https://a.espncdn.com/i/headshots/nhl/players/full/3114732.png
136,Kevin Fiala,LW,3114743,https://a.espncdn.com/i/headshots/nhl/players/full/3114743.png
137,Jake DeBrusk,LW,3900240,https://a.espncdn.com/i/headshots/nhl/players/full/3900240.png
138,Mikhail Sergachev,D,4024868,https://a.espncdn.com/i/headshots/nhl/players/full/4024868.png
139,Casey Mittelstadt,C,4233575,https://a.espncdn.com/i/headshots/nhl/players/full/4233575.png
140,Josh Norris,C,4233627,https://a.espncdn.com/i/headshots/nhl/players/full/4233627.png
141,Patrick Kane,RW,3735,https://a.espncdn.com/i/headshots/nhl/players/full/3735.png
142,Stefan Noesen,RW,2562623,https://a.espncdn.com/i/headshots/nhl/players/full/2562623.png
143,Mika Zibanejad,C,2562637,https://a.espncdn.com/i/headshots/nhl/players/full/2562637.png
144,Artturi Lehkonen,LW,3042050,https://a.espncdn.com/i/headshots/nhl/players/full/3042050.png
145,Ryan Donato,C,3115033,https://a.espncdn.com/i/headshots/nhl/players/full/3115033.png
146,Owen Tippett,RW,4392072,https://a.espncdn.com/i/headshots/nhl/players/full/4392072.png
147,Alexis Lafreniere,LW,4697382,https://a.espncdn.com/i/headshots/nhl/players/full/4697382.png
148,Adam Fantilli,C,5136617,https://a.espncdn.com/i/headshots/nhl/players/full/5136617.png
149,Kaapo Kakko,RW,4565223,https://a.espncdn.com/i/headshots/nhl/players/full/4565223.png
150,Simon Holmstrom,RW,4565244,https://a.espncdn.com/i/headshots/nhl/players/full/4565244.png
151,Matty Beniers,C,4781552,https://a.espncdn.com/i/headshots/nhl/players/full/4781552.png
152,Juraj Slafkovsky,LW,4915349,https://a.espncdn.com/i/headshots/nhl/players/full/4915349.png
153,Ryan O'Reilly,C,5208,https://a.espncdn.com/i/headshots/nhl/players/full/5208.png
154,Brayden Schenn,C,5219,https://a.espncdn.com/i/headshots/nhl/players/full/5219.png
155,Ryan Strome,C,2562636,https://a.espncdn.com/i/headshots/nhl/players/full/2562636.png
156,Blake Coleman,C,2563026,https://a.espncdn.com/i/headshots/nhl/players/full/2563026.png
157,Shayne Gostisbehere,D,3025662,https://a.espncdn.com/i/headshots/nhl/players/full/3025662.png
158,Frank Vatrano,RW,3527554,https://a.espncdn.com/i/headshots/nhl/players/full/3527554.png
159,Elias Lindholm,C,3041994,https://a.espncdn.com/i/headshots/nhl/players/full/3041994.png
160,Tyler Bertuzzi,LW,3042056,https://a.espncdn.com/i/headshots/nhl/players/full/3042056.png
161,Nick Paul,LW,3042111,https://a.espncdn.com/i/headshots/nhl/players/full/3042111.png
162,Colton Parayko,D,3069341,https://a.espncdn.com/i/headshots/nhl/players/full/3069341.png
163,Jake Walman,D,3151136,https://a.espncdn.com/i/headshots/nhl/players/full/3151136.png
164,Alex Laferriere,RW,4697725,https://a.espncdn.com/i/headshots/nhl/players/full/4697725.png
165,Matt Coronato,RW,4874730,https://a.espncdn.com/i/headshots/nhl/players/full/4874730.png
166,Morgan Geekie,C,4268466,https://a.espncdn.com/i/headshots/nhl/players/full/4268466.png
167,Mason Marchment,LW,4272192,https://a.espncdn.com/i/headshots/nhl/players/full/4272192.png
168,Barrett Hayton,C,4352699,https://a.espncdn.com/i/headshots/nhl/players/full/4352699.png
169,Will Cuylle,LW,4697468,https://a.espncdn.com/i/headshots/nhl/players/full/4697468.png
170,Owen Power,D,4781556,https://a.espncdn.com/i/headshots/nhl/players/full/4781556.png
171,Jordan Staal,C,3541,https://a.espncdn.com/i/headshots/nhl/players/full/3541.png
172,Evgenii Dadonov,RW,4969,https://a.espncdn.com/i/headshots/nhl/players/full/4969.png
173,Nino Niederreiter,RW,5511,https://a.espncdn.com/i/headshots/nhl/players/full/5511.png
174,Vladislav Namestnikov,C,2562622,https://a.espncdn.com/i/headshots/nhl/players/full/2562622.png
175,Matt Grzelcyk,D,3069448,https://a.espncdn.com/i/headshots/nhl/players/full/3069448.png
176,Brandon Montour,D,3115032,https://a.espncdn.com/i/headshots/nhl/players/full/3115032.png
177,Michael Bunting,LW,3149603,https://a.espncdn.com/i/headshots/nhl/players/full/3149603.png
178,Jack Roslovic,C,3904098,https://a.espncdn.com/i/headshots/nhl/players/full/3904098.png
179,Adam Lowry,C,2563066,https://a.espncdn.com/i/headshots/nhl/players/full/2563066.png
180,MacKenzie Weegar,D,3042269,https://a.espncdn.com/i/headshots/nhl/players/full/3042269.png
181,Jesperi Kotkaniemi,C,4352692,https://a.espncdn.com/i/headshots/nhl/players/full/4352692.png
182,Ryan McLeod,C,4378669,https://a.espncdn.com/i/headshots/nhl/players/full/4378669.png
183,Dylan Cozens,C,4565228,https://a.espncdn.com/i/headshots/nhl/players/full/4565228.png
184,Mason McTavish,C,4874718,https://a.espncdn.com/i/headshots/nhl/players/full/4874718.png
185,Shane Wright,C,5080144,https://a.espncdn.com/i/headshots/nhl/players/full/5080144.png
186,Morgan Frost,C,4233685,https://a.espncdn.com/i/headshots/nhl/players/full/4233685.png
187,Eric Robinson,LW,4319879,https://a.espncdn.com/i/headshots/nhl/players/full/4319879.png
188,Jake Evans,C,4393049,https://a.espncdn.com/i/headshots/nhl/players/full/4393049.png
189,Quinton Byfield,RW,4697383,https://a.espncdn.com/i/headshots/nhl/players/full/4697383.png
190,Jake Neighbours,LW,4697409,https://a.espncdn.com/i/headshots/nhl/players/full/4697409.png
191,Cole Sillinger,C,4874725,https://a.espncdn.com/i/headshots/nhl/players/full/4874725.png
192,Alex Pietrangelo,D,4013,https://a.espncdn.com/i/headshots/nhl/players/full/4013.png
193,Taylor Hall,LW,5428,https://a.espncdn.com/i/headshots/nhl/players/full/5428.png
194,Reilly Smith,RW,2500990,https://a.espncdn.com/i/headshots/nhl/players/full/2500990.png
195,Phillip Danault,C,2562602,https://a.espncdn.com/i/headshots/nhl/players/full/2562602.png
196,Jean-Gabriel Pageau,C,2593131,https://a.espncdn.com/i/headshots/nhl/players/full/2593131.png
197,Scott Laughton,C,2976848,https://a.espncdn.com/i/headshots/nhl/players/full/2976848.png
198,Jordan Martinook,LW,2989376,https://a.espncdn.com/i/headshots/nhl/players/full/2989376.png
199,Miro Heiskanen,D,4233536,https://a.espncdn.com/i/headshots/nhl/players/full/4233536.png
200,Dmitry Orlov,D,5646,https://a.espncdn.com/i/headshots/nhl/players/full/5646.png
201,Sean Couturier,C,2562601,https://a.espncdn.com/i/headshots/nhl/players/full/2562601.png
202,Seth Jones,D,3041992,https://a.espncdn.com/i/headshots/nhl/players/full/3041992.png
203,Devon Toews,D,3096249,https://a.espncdn.com/i/headshots/nhl/players/full/3096249.png
204,Aaron Ekblad,D,3114717,https://a.espncdn.com/i/headshots/nhl/players/full/3114717.png
205,Travis Sanheim,D,3114757,https://a.espncdn.com/i/headshots/nhl/players/full/3114757.png
206,Warren Foegele,LW,3151036,https://a.espncdn.com/i/headshots/nhl/players/full/3151036.png
207,Eeli Tolvanen,RW,4233720,https://a.espncdn.com/i/headshots/nhl/players/full/4233720.png
208,Noah Dobson,D,4352732,https://a.espncdn.com/i/headshots/nhl/players/full/4352732.png
209,Bowen Byram,D,4565225,https://a.espncdn.com/i/headshots/nhl/players/full/4565225.png
210,Thomas Harley,D,4565239,https://a.espncdn.com/i/headshots/nhl/players/full/4565239.png
211,Jackson LaCombe,D,4565262,https://a.espncdn.com/i/headshots/nhl/players/full/4565262.png
212,Dawson Mercer,C,4697401,https://a.espncdn.com/i/headshots/nhl/players/full/4697401.png
213,Brandt Clarke,D,4874722,https://a.espncdn.com/i/headshots/nhl/players/full/4874722.png
214,Logan Stankoven,C,4874899,https://a.espncdn.com/i/headshots/nhl/players/full/4874899.png
215,Pius Suter,C,4271732,https://a.espncdn.com/i/headshots/nhl/players/full/4271732.png
216,Tyson Foerster,RW,4697406,https://a.espncdn.com/i/headshots/nhl/players/full/4697406.png
217,Mason Lohrei,D,4697461,https://a.espncdn.com/i/headshots/nhl/players/full/4697461.png
218,Bobby McMann,C,5048894,https://a.espncdn.com/i/headshots/nhl/players/full/5048894.png
219,Nick Foligno,LW,3535,https://a.espncdn.com/i/headshots/nhl/players/full/3535.png
220,Morgan Rielly,D,2976833,https://a.espncdn.com/i/headshots/nhl/players/full/2976833.png
221,Alex Wennberg,C,3042017,https://a.espncdn.com/i/headshots/nhl/players/full/3042017.png
222,Frederick Gaudreau,C,3149649,https://a.espncdn.com/i/headshots/nhl/players/full/3149649.png
223,Evan Rodrigues,C,3648008,https://a.espncdn.com/i/headshots/nhl/players/full/3648008.png
224,Thomas Chabot,D,3900219,https://a.espncdn.com/i/headshots/nhl/players/full/3900219.png
225,Joel Eriksson Ek,C,3904091,https://a.espncdn.com/i/headshots/nhl/players/full/3904091.png
226,Vince Dunn,D,3904189,https://a.espncdn.com/i/headshots/nhl/players/full/3904189.png
227,James van Riemsdyk,LW,3822,https://a.espncdn.com/i/headshots/nhl/players/full/3822.png
228,Mattias Ekholm,D,2558631,https://a.espncdn.com/i/headshots/nhl/players/full/2558631.png
229,Joel Armia,RW,2562596,https://a.espncdn.com/i/headshots/nhl/players/full/2562596.png
230,Mike Matheson,D,2976851,https://a.espncdn.com/i/headshots/nhl/players/full/2976851.png
231,Darnell Nurse,D,3041997,https://a.espncdn.com/i/headshots/nhl/players/full/3041997.png
232,Darren Raddysh,D,3149843,https://a.espncdn.com/i/headshots/nhl/players/full/3149843.png
233,Brett Howden,C,4024989,https://a.espncdn.com/i/headshots/nhl/players/full/4024989.png
234,Noah Cates,LW,4419682,https://a.espncdn.com/i/headshots/nhl/players/full/4419682.png
235,Bobby Brink,RW,4565257,https://a.espncdn.com/i/headshots/nhl/players/full/4565257.png
236,Connor Zary,C,4697407,https://a.espncdn.com/i/headshots/nhl/players/full/4697407.png
237,Will Smith,C,5149155,https://a.espncdn.com/i/headshots/nhl/players/full/5149155.png
238,Kiefer Sherwood,LW,4391255,https://a.espncdn.com/i/headshots/nhl/players/full/4391255.png
239,Shane Pinto,C,4565255,https://a.espncdn.com/i/headshots/nhl/players/full/4565255.png
240,Brock Faber,D,4697449,https://a.espncdn.com/i/headshots/nhl/players/full/4697449.png
241,Luke Hughes,D,4874719,https://a.espncdn.com/i/headshots/nhl/players/full/4874719.png
242,Ryker Evans,D,4874864,https://a.espncdn.com/i/headshots/nhl/players/full/4874864.png
243,Cutter Gauthier,LW,5080145,https://a.espncdn.com/i/headshots/nhl/players/full/5080145.png
244,Maxim Tsyplakov,RW,5212753,
245,Mikael Backlund,C,3797,https://a.espncdn.com/i/headshots/nhl/players/full/3797.png
246,Alex Killorn,LW,4968,https://a.espncdn.com/i/headshots/nhl/players/full/4968.png
247,Oliver Ekman-Larsson,D,5488,https://a.espncdn.com/i/headshots/nhl/players/full/5488.png
248,Vladimir Tarasenko,RW,5837,https://a.espncdn.com/i/headshots/nhl/players/full/5837.png
249,J.T. Compher,LW,3041995,https://a.espncdn.com/i/headshots/nhl/players/full/3041995.png
250,Trevor Moore,LW,3096186,https://a.espncdn.com/i/headshots/nhl/players/full/3096186.png
251,Noah Hanifin,D,3652964,https://a.espncdn.com/i/headshots/nhl/players/full/3652964.png
252,Ivan Provorov,D,3899939,https://a.espncdn.com/i/headshots/nhl/players/full/3899939.png
253,Keegan Kolesar,RW,3941546,https://a.espncdn.com/i/headshots/nhl/players/full/3941546.png
254,Charlie McAvoy,D,3988803,https://a.espncdn.com/i/headshots/nhl/players/full/3988803.png
255,Kris Letang,D,3539,https://a.espncdn.com/i/headshots/nhl/players/full/3539.png
256,Marcus Foligno,LW,5172,https://a.espncdn.com/i/headshots/nhl/players/full/5172.png
257,Tyler Seguin,C,5430,https://a.espncdn.com/i/headshots/nhl/players/full/5430.png
258,Brendan Gallagher,RW,5614,https://a.espncdn.com/i/headshots/nhl/players/full/5614.png
259,Gustav Nyquist,RW,5823,https://a.espncdn.com/i/headshots/nhl/players/full/5823.png
260,Charlie Coyle,C,2555315,https://a.espncdn.com/i/headshots/nhl/players/full/2555315.png
261,Ondrej Palat,LW,2590389,https://a.espncdn.com/i/headshots/nhl/players/full/2590389.png
262,Jonathan Drouin,LW,3041971,https://a.espncdn.com/i/headshots/nhl/players/full/3041971.png
263,Andrew Copp,C,3042114,https://a.espncdn.com/i/headshots/nhl/players/full/3042114.png
264,Connor Brown,RW,3067951,https://a.espncdn.com/i/headshots/nhl/players/full/3067951.png
265,Damon Severson,D,3068087,https://a.espncdn.com/i/headshots/nhl/players/full/3068087.png
266,Jaccob Slavin,D,3069836,https://a.espncdn.com/i/headshots/nhl/players/full/3069836.png
267,Mathew Barzal,C,3899946,https://a.espncdn.com/i/headshots/nhl/players/full/3899946.png
268,Adam Gaudette,RW,3942868,https://a.espncdn.com/i/headshots/nhl/players/full/3942868.png
269,Justin Brazeau,RW,4063605,https://a.espncdn.com/i/headshots/nhl/players/full/4063605.png
270,Filip Chytil,C,4233643,https://a.espncdn.com/i/headshots/nhl/players/full/4233643.png
271,Jesper Boqvist,C,4233872,https://a.espncdn.com/i/headshots/nhl/players/full/4233872.png
272,Jack Quinn,RW,4697389,https://a.espncdn.com/i/headshots/nhl/players/full/4697389.png
273,Simon Edvinsson,D,4874720,https://a.espncdn.com/i/headshots/nhl/players/full/4874720.png
274,Michael Kesselring,D,4331604,https://a.espncdn.com/i/headshots/nhl/players/full/4331604.png
275,Joel Farabee,LW,4352750,https://a.espncdn.com/i/headshots/nhl/players/full/4352750.png
276,Kirby Dach,C,4565224,https://a.espncdn.com/i/headshots/nhl/players/full/4565224.png
277,Alex Turcotte,C,4565226,https://a.espncdn.com/i/headshots/nhl/players/full/4565226.png
278,Vasily Podkolzin,RW,4565231,https://a.espncdn.com/i/headshots/nhl/players/full/4565231.png
279,Marco Kasper,C,5080152,https://a.espncdn.com/i/headshots/nhl/players/full/5080152.png
280,Brent Burns,D,2300,https://a.espncdn.com/i/headshots/nhl/players/full/2300.png
281,Justin Faulk,D,5746,https://a.espncdn.com/i/headshots/nhl/players/full/5746.png
282,Brady Skjei,D,2976856,https://a.espncdn.com/i/headshots/nhl/players/full/2976856.png
283,Tanner Pearson,LW,2976860,https://a.espncdn.com/i/headshots/nhl/players/full/2976860.png
284,Max Domi,C,3042014,https://a.espncdn.com/i/headshots/nhl/players/full/3042014.png
285,Victor Olofsson,RW,3151096,https://a.espncdn.com/i/headshots/nhl/players/full/3151096.png
286,Rasmus Andersson,D,3904186,https://a.espncdn.com/i/headshots/nhl/players/full/3904186.png
287,Samuel Girard,D,4063401,https://a.espncdn.com/i/headshots/nhl/players/full/4063401.png
288,Taylor Raddysh,RW,4063502,https://a.espncdn.com/i/headshots/nhl/players/full/4063502.png
289,Corey Perry,RW,2273,https://a.espncdn.com/i/headshots/nhl/players/full/2273.png
290,Chris Kreider,LW,5833,https://a.espncdn.com/i/headshots/nhl/players/full/5833.png
291,William Karlsson,C,2563057,https://a.espncdn.com/i/headshots/nhl/players/full/2563057.png
292,Nick Jensen,D,3025608,https://a.espncdn.com/i/headshots/nhl/players/full/3025608.png
293,Nic Dowd,C,3025616,https://a.espncdn.com/i/headshots/nhl/players/full/3025616.png
294,Andre Burakovsky,LW,3042044,https://a.espncdn.com/i/headshots/nhl/players/full/3042044.png
295,Brett Kulak,D,3068665,https://a.espncdn.com/i/headshots/nhl/players/full/3068665.png
296,Josh Anderson,RW,3069687,https://a.espncdn.com/i/headshots/nhl/players/full/3069687.png
297,Marcus Pettersson,D,3114995,https://a.espncdn.com/i/headshots/nhl/players/full/3114995.png
298,Danton Heinen,LW,3151741,https://a.espncdn.com/i/headshots/nhl/players/full/3151741.png
299,Gustav Forsling,D,3151784,https://a.espncdn.com/i/headshots/nhl/players/full/3151784.png
300,Patrik Laine,LW,4024820,https://a.espncdn.com/i/headshots/nhl/players/full/4024820.png
301,Luke Kunin,C,4024933,https://a.espncdn.com/i/headshots/nhl/players/full/4024933.png
302,Mathieu Olivier,RW,4064781,https://a.espncdn.com/i/headshots/nhl/players/full/4064781.png
303,Eetu Luostarinen,C,4233877,https://a.espncdn.com/i/headshots/nhl/players/full/4233877.png
304,Rasmus Sandin,D,4352803,https://a.espncdn.com/i/headshots/nhl/players/full/4352803.png
305,Yegor Sharangovich,C,4587843,https://a.espncdn.com/i/headshots/nhl/players/full/4587843.png
306,Jackson Blake,RW,5103645,https://a.espncdn.com/i/headshots/nhl/players/full/5103645.png
307,Alex Vlasic,D,4565266,https://a.espncdn.com/i/headshots/nhl/players/full/4565266.png
308,Matias Maccelli,LW,4587580,https://a.espncdn.com/i/headshots/nhl/players/full/4587580.png
309,Jordan Spence,D,4588190,https://a.espncdn.com/i/headshots/nhl/players/full/4588190.png
310,Emil Heineman,LW,4697447,https://a.espncdn.com/i/headshots/nhl/players/full/4697447.png
311,Zach Benson,LW,5149186,https://a.espncdn.com/i/headshots/nhl/players/full/5149186.png
312,Lars Eller,C,3946,https://a.espncdn.com/i/headshots/nhl/players/full/3946.png
313,Jared Spurgeon,D,5079,https://a.espncdn.com/i/headshots/nhl/players/full/5079.png
314,Cam Fowler,D,5495,https://a.espncdn.com/i/headshots/nhl/players/full/5495.png
315,Jeff Skinner,C,5540,https://a.espncdn.com/i/headshots/nhl/players/full/5540.png
316,Teddy Blueger,C,3024916,https://a.espncdn.com/i/headshots/nhl/players/full/3024916.png
317,Valeri Nichushkin,RW,3042003,https://a.espncdn.com/i/headshots/nhl/players/full/3042003.png
318,Ryan Hartman,RW,3042063,https://a.espncdn.com/i/headshots/nhl/players/full/3042063.png
319,Esa Lindell,D,3069352,https://a.espncdn.com/i/headshots/nhl/players/full/3069352.png
320,Viktor Arvidsson,LW,3120307,https://a.espncdn.com/i/headshots/nhl/players/full/3120307.png
321,Andrew Mangiapane,LW,3149619,https://a.espncdn.com/i/headshots/nhl/players/full/3149619.png
322,Garnet Hathaway,RW,3149633,https://a.espncdn.com/i/headshots/nhl/players/full/3149633.png
323,Jake Middleton,D,3149839,https://a.espncdn.com/i/headshots/nhl/players/full/3149839.png
324,Alex Iafallo,LW,3652598,https://a.espncdn.com/i/headshots/nhl/players/full/3652598.png
325,Tommy Novak,C,3942061,https://a.espncdn.com/i/headshots/nhl/players/full/3942061.png
326,Alexandre Carrier,D,3942064,https://a.espncdn.com/i/headshots/nhl/players/full/3942064.png
327,Vladislav Gavrikov,D,3942292,https://a.espncdn.com/i/headshots/nhl/players/full/3942292.png
328,Niko Mikkola,D,3942354,https://a.espncdn.com/i/headshots/nhl/players/full/3942354.png
329,Nicolas Roy,C,3943996,https://a.espncdn.com/i/headshots/nhl/players/full/3943996.png
330,Tyler Myers,D,5052,https://a.espncdn.com/i/headshots/nhl/players/full/5052.png
331,Marcus Johansson,LW,5714,https://a.espncdn.com/i/headshots/nhl/players/full/5714.png
332,Jonas Brodin,D,2562600,https://a.espncdn.com/i/headshots/nhl/players/full/2562600.png
333,Brandon Saad,LW,2563065,https://a.espncdn.com/i/headshots/nhl/players/full/2563065.png
334,Ryan Pulock,D,3042019,https://a.espncdn.com/i/headshots/nhl/players/full/3042019.png
335,Jason Dickinson,C,3042062,https://a.espncdn.com/i/headshots/nhl/players/full/3042062.png
336,Alexander Kerfoot,C,3069394,https://a.espncdn.com/i/headshots/nhl/players/full/3069394.png
337,Yanni Gourde,C,3094261,https://a.espncdn.com/i/headshots/nhl/players/full/3094261.png
338,Mason Appleton,C,3942043,https://a.espncdn.com/i/headshots/nhl/players/full/3942043.png
339,Sam Steel,C,4024998,https://a.espncdn.com/i/headshots/nhl/players/full/4024998.png
340,Paul Cotter,C,4331579,https://a.espncdn.com/i/headshots/nhl/players/full/4331579.png
341,Ross Colton,C,4392471,https://a.espncdn.com/i/headshots/nhl/players/full/4392471.png
342,Martin Pospisil,C,4392883,https://a.espncdn.com/i/headshots/nhl/players/full/4392883.png
343,Peyton Krebs,C,4565238,https://a.espncdn.com/i/headshots/nhl/players/full/4565238.png
344,Joel Kiviranta,LW,4587910,https://a.espncdn.com/i/headshots/nhl/players/full/4587910.png
345,Nikolai Kovalenko,RW,4588147,https://a.espncdn.com/i/headshots/nhl/players/full/4588147.png
346,Ridly Greig,C,4697411,https://a.espncdn.com/i/headshots/nhl/players/full/4697411.png
347,Drew O'Connor,LW,4712146,https://a.espncdn.com/i/headshots/nhl/players/full/4712146.png
348,Mackie Samoskevich,RW,4874741,https://a.espncdn.com/i/headshots/nhl/players/full/4874741.png
349,Jiri Kulich,C,5080176,https://a.espncdn.com/i/headshots/nhl/players/full/5080176.png
350,Leo Carlsson,C,5149153,https://a.espncdn.com/i/headshots/nhl/players/full/5149153.png
351,Ryan Poehling,C,4233668,https://a.espncdn.com/i/headshots/nhl/players/full/4233668.png
352,Jonatan Berggren,RW,4378660,https://a.espncdn.com/i/headshots/nhl/players/full/4378660.png
353,Ilya Mikheyev,RW,4422415,https://a.espncdn.com/i/headshots/nhl/players/full/4422415.png
354,Philip Broberg,D,4565229,https://a.espncdn.com/i/headshots/nhl/players/full/4565229.png
355,Brett Leason,RW,4565278,https://a.espncdn.com/i/headshots/nhl/players/full/4565278.png
356,Lukas Reichel,LW,4697400,https://a.espncdn.com/i/headshots/nhl/players/full/4697400.png
357,Luke Evangelista,RW,4697446,https://a.espncdn.com/i/headshots/nhl/players/full/4697446.png
358,Jack McBain,C,4755695,https://a.espncdn.com/i/headshots/nhl/players/full/4755695.png
359,Zack Bolduc,C,4874734,https://a.espncdn.com/i/headshots/nhl/players/full/4874734.png
360,Andrei Kuzmenko,LW,5077308,https://a.espncdn.com/i/headshots/nhl/players/full/5077308.png
361,Adam Henrique,C,5074,https://a.espncdn.com/i/headshots/nhl/players/full/5074.png
362,Sam Carrick,C,5474,https://a.espncdn.com/i/headshots/nhl/players/full/5474.png
363,Cody Ceci,D,2976843,https://a.espncdn.com/i/headshots/nhl/players/full/2976843.png
364,Trevor van Riemsdyk,D,3025524,https://a.espncdn.com/i/headshots/nhl/players/full/3025524.png
365,Rasmus Ristolainen,D,3041999,https://a.espncdn.com/i/headshots/nhl/players/full/3041999.png
366,Mattias Janmark,C,3042085,https://a.espncdn.com/i/headshots/nhl/players/full/3042085.png
367,Brandon Tanev,LW,3096236,https://a.espncdn.com/i/headshots/nhl/players/full/3096236.png
368,Christian Dvorak,C,3115035,https://a.espncdn.com/i/headshots/nhl/players/full/3115035.png
369,Anthony Beauvillier,LW,3904107,https://a.espncdn.com/i/headshots/nhl/players/full/3904107.png
370,Matt Roy,D,3942924,https://a.espncdn.com/i/headshots/nhl/players/full/3942924.png
371,Michael Rasmussen,C,4233576,https://a.espncdn.com/i/headshots/nhl/players/full/4233576.png
372,Ryan McDonagh,D,4954,https://a.espncdn.com/i/headshots/nhl/players/full/4954.png
373,Chris Tanev,D,5592,https://a.espncdn.com/i/headshots/nhl/players/full/5592.png
374,Robby Fabbri,C,3114774,https://a.espncdn.com/i/headshots/nhl/players/full/3114774.png
375,Logan O'Connor,RW,3988782,https://a.espncdn.com/i/headshots/nhl/players/full/3988782.png
376,Trent Frederic,C,4024997,https://a.espncdn.com/i/headshots/nhl/players/full/4024997.png
377,Filip Hronek,D,4063607,https://a.espncdn.com/i/headshots/nhl/players/full/4063607.png
378,Kevin Bahl,D,4378686,https://a.espncdn.com/i/headshots/nhl/players/full/4378686.png
379,Mikey Anderson,D,4588178,https://a.espncdn.com/i/headshots/nhl/players/full/4588178.png
380,Kaiden Guhle,D,4697399,https://a.espncdn.com/i/headshots/nhl/players/full/4697399.png
381,Yegor Chinakhov,RW,4697404,https://a.espncdn.com/i/headshots/nhl/players/full/4697404.png
382,Uvis Balinskis,D,5142461,https://a.espncdn.com/i/headshots/nhl/players/full/5142461.png
383,Ryan Lindgren,D,4271998,https://a.espncdn.com/i/headshots/nhl/players/full/4271998.png
384,Mitchell Chaffee,RW,4419646,https://a.espncdn.com/i/headshots/nhl/players/full/4419646.png
385,Trevor Zegras,C,4565230,https://a.espncdn.com/i/headshots/nhl/players/full/4565230.png
386,Alex Newhook,C,4565237,https://a.espncdn.com/i/headshots/nhl/players/full/4565237.png
387,Alexander Romanov,D,4587854,https://a.espncdn.com/i/headshots/nhl/players/full/4587854.png
388,Johnathan Kovacevic,D,4587933,https://a.espncdn.com/i/headshots/nhl/players/full/4587933.png
389,Mark Kastelic,C,4587985,https://a.espncdn.com/i/headshots/nhl/players/full/4587985.png
390,Braden Schneider,D,4697402,https://a.espncdn.com/i/headshots/nhl/players/full/4697402.png
391,Mavrik Bourque,C,4697413,https://a.espncdn.com/i/headshots/nhl/players/full/4697413.png
392,Zachary L'Heureux,LW,4874744,
393,Ian Cole,D,4991,https://a.espncdn.com/i/headshots/nhl/players/full/4991.png
394,Nick Bjugstad,C,5828,https://a.espncdn.com/i/headshots/nhl/players/full/5828.png
395,Connor Murphy,D,2562618,https://a.espncdn.com/i/headshots/nhl/players/full/2562618.png
396,Jamie Oleksiak,D,2562625,https://a.espncdn.com/i/headshots/nhl/players/full/2562625.png
397,Nick Cousins,C,2563027,https://a.espncdn.com/i/headshots/nhl/players/full/2563027.png
398,Nick Seeler,D,2564164,https://a.espncdn.com/i/headshots/nhl/players/full/2564164.png
399,Josh Manson,D,2590829,https://a.espncdn.com/i/headshots/nhl/players/full/2590829.png
400,Dylan DeMelo,D,2590861,https://a.espncdn.com/i/headshots/nhl/players/full/2590861.png
401,Colton Sissons,C,2993474,https://a.espncdn.com/i/headshots/nhl/players/full/2993474.png
402,Jake McCabe,D,3020803,https://a.espncdn.com/i/headshots/nhl/players/full/3020803.png
403,A.J. Greer,LW,3648015,https://a.espncdn.com/i/headshots/nhl/players/full/3648015.png
404,Erik Gustafsson,D,3891922,https://a.espncdn.com/i/headshots/nhl/players/full/3891922.png
405,Dante Fabbro,D,4024959,https://a.espncdn.com/i/headshots/nhl/players/full/4024959.png
406,Andrew Peeke,D,4064936,https://a.espncdn.com/i/headshots/nhl/players/full/4064936.png
407,Brandon Duhaime,RW,4197009,https://a.espncdn.com/i/headshots/nhl/players/full/4197009.png
408,Cody Glass,C,4233568,https://a.espncdn.com/i/headshots/nhl/players/full/4233568.png
409,Max Pacioretty,LW,4005,https://a.espncdn.com/i/headshots/nhl/players/full/4005.png
410,Tomas Tatar,LW,5227,https://a.espncdn.com/i/headshots/nhl/players/full/5227.png
411,Radko Gudas,D,5502,https://a.espncdn.com/i/headshots/nhl/players/full/5502.png
412,Brian Dumoulin,D,5738,https://a.espncdn.com/i/headshots/nhl/players/full/5738.png
413,Kevin Hayes,RW,5767,https://a.espncdn.com/i/headshots/nhl/players/full/5767.png
414,Brenden Dillon,D,2554903,https://a.espncdn.com/i/headshots/nhl/players/full/2554903.png
415,Adam Larsson,D,2562610,https://a.espncdn.com/i/headshots/nhl/players/full/2562610.png
416,Adam Pelech,D,3069621,https://a.espncdn.com/i/headshots/nhl/players/full/3069621.png
417,Michael Amadio,RW,3149829,https://a.espncdn.com/i/headshots/nhl/players/full/3149829.png
418,Kevin Labanc,RW,3151792,https://a.espncdn.com/i/headshots/nhl/players/full/3151792.png
419,Kevin Stenlund,C,3904191,https://a.espncdn.com/i/headshots/nhl/players/full/3904191.png
420,Dylan Samberg,D,4233878,https://a.espncdn.com/i/headshots/nhl/players/full/4233878.png
421,Blake Lizotte,C,4316983,https://a.espncdn.com/i/headshots/nhl/players/full/4316983.png
422,Nick Perbix,D,4419638,https://a.espncdn.com/i/headshots/nhl/players/full/4419638.png
423,Cole Koepke,LW,4419679,https://a.espncdn.com/i/headshots/nhl/players/full/4419679.png
424,Cam York,D,4565235,https://a.espncdn.com/i/headshots/nhl/players/full/4565235.png
425,Philip Tomasino,C,4565245,https://a.espncdn.com/i/headshots/nhl/players/full/4565245.png
426,Nils Hoglander,LW,4565263,https://a.espncdn.com/i/headshots/nhl/players/full/4565263.png
427,Nicholas Robertson,LW,4565275,https://a.espncdn.com/i/headshots/nhl/players/full/4565275.png
428,Olen Zellweger,D,4874863,https://a.espncdn.com/i/headshots/nhl/players/full/4874863.png
429,Conor Geekie,C,5080155,https://a.espncdn.com/i/headshots/nhl/players/full/5080155.png
430,Mario Ferraro,D,4233884,https://a.espncdn.com/i/headshots/nhl/players/full/4233884.png
431,Sean Walker,D,4272905,https://a.espncdn.com/i/headshots/nhl/players/full/4272905.png
432,Nico Sturm,C,4320625,https://a.espncdn.com/i/headshots/nhl/players/full/4320625.png
433,K'Andre Miller,D,4352770,https://a.espncdn.com/i/headshots/nhl/players/full/4352770.png
434,Jack Drury,C,4378671,https://a.espncdn.com/i/headshots/nhl/players/full/4378671.png
435,Martin Fehervary,D,4378677,https://a.espncdn.com/i/headshots/nhl/players/full/4378677.png
436,Egor Zamula,D,4392268,https://a.espncdn.com/i/headshots/nhl/players/full/4392268.png
437,Parker Kelly,C,4392309,https://a.espncdn.com/i/headshots/nhl/players/full/4392309.png
438,Jakob Pelletier,C,4565247,https://a.espncdn.com/i/headshots/nhl/players/full/4565247.png
439,Declan Chisholm,D,4587929,https://a.espncdn.com/i/headshots/nhl/players/full/4587929.png
440,Jamie Drysdale,D,4697387,https://a.espncdn.com/i/headshots/nhl/players/full/4697387.png
441,Alexander Holtz,RW,4697388,https://a.espncdn.com/i/headshots/nhl/players/full/4697388.png
442,Oskar Back,C,4894398,https://a.espncdn.com/i/headshots/nhl/players/full/4894398.png
443,Pavel Mintyukov,D,5080154,https://a.espncdn.com/i/headshots/nhl/players/full/5080154.png
444,Emil Lilleberg,D,5146599,https://a.espncdn.com/i/headshots/nhl/players/full/5146599.png
445,Pat Maroon,LW,3853,https://a.espncdn.com/i/headshots/nhl/players/full/3853.png
446,Zach Bogosian,D,4002,https://a.espncdn.com/i/headshots/nhl/players/full/4002.png
447,Jordan Eberle,RW,5032,https://a.espncdn.com/i/headshots/nhl/players/full/5032.png
448,Brayden McNabb,D,5202,https://a.espncdn.com/i/headshots/nhl/players/full/5202.png
449,Dmitry Kulikov,D,5328,https://a.espncdn.com/i/headshots/nhl/players/full/5328.png
450,Joel Edmundson,D,2563034,https://a.espncdn.com/i/headshots/nhl/players/full/2563034.png
451,Sean Kuraly,C,2564154,https://a.espncdn.com/i/headshots/nhl/players/full/2564154.png
452,Craig Smith,C,2570752,https://a.espncdn.com/i/headshots/nhl/players/full/2570752.png
453,Colin Blackwell,C,2590857,https://a.espncdn.com/i/headshots/nhl/players/full/2590857.png
454,Erik Haula,LW,2593311,https://a.espncdn.com/i/headshots/nhl/players/full/2593311.png
455,Jacob Trouba,D,2976839,https://a.espncdn.com/i/headshots/nhl/players/full/2976839.png
456,Olli Maatta,D,2976850,https://a.espncdn.com/i/headshots/nhl/players/full/2976850.png
457,Nate Schmidt,D,3024798,https://a.espncdn.com/i/headshots/nhl/players/full/3024798.png
458,Nikita Zadorov,D,3042021,https://a.espncdn.com/i/headshots/nhl/players/full/3042021.png
459,Jakub Vrana,LW,3114747,https://a.espncdn.com/i/headshots/nhl/players/full/3114747.png
460,Lawson Crouse,LW,3899951,https://a.espncdn.com/i/headshots/nhl/players/full/3899951.png
461,Erik Cernak,D,3904178,https://a.espncdn.com/i/headshots/nhl/players/full/3904178.png
462,Steven Lorentz,C,3939658,https://a.espncdn.com/i/headshots/nhl/players/full/3939658.png
463,Zachary Aston-Reese,C,3988830,https://a.espncdn.com/i/headshots/nhl/players/full/3988830.png
464,Jalen Chatfield,D,4063449,https://a.espncdn.com/i/headshots/nhl/players/full/4063449.png
465,David Savard,D,5427,https://a.espncdn.com/i/headshots/nhl/players/full/5427.png
466,Kasperi Kapanen,RW,3114775,https://a.espncdn.com/i/headshots/nhl/players/full/3114775.png
467,Yakov Trenin,C,3904188,https://a.espncdn.com/i/headshots/nhl/players/full/3904188.png
468,Michael Carcone,LW,4031645,https://a.espncdn.com/i/headshots/nhl/players/full/4031645.png
469,Ilya Lyubushkin,D,4342107,https://a.espncdn.com/i/headshots/nhl/players/full/4342107.png
470,Juuso Parssinen,C,4867883,https://a.espncdn.com/i/headshots/nhl/players/full/4867883.png
471,Janis Moser,D,4874929,https://a.espncdn.com/i/headshots/nhl/players/full/4874929.png
472,Henry Thrun,D,4997138,https://a.espncdn.com/i/headshots/nhl/players/full/4997138.png
473,Isac Lundestrom,C,4352775,https://a.espncdn.com/i/headshots/nhl/players/full/4352775.png
474,Joe Veleno,C,4352804,https://a.espncdn.com/i/headshots/nhl/players/full/4352804.png
475,Mattias Samuelsson,D,4378656,https://a.espncdn.com/i/headshots/nhl/players/full/4378656.png
476,Johnny Beecher,C,4565251,https://a.espncdn.com/i/headshots/nhl/players/full/4565251.png
477,Ty Emberson,D,4587566,https://a.espncdn.com/i/headshots/nhl/players/full/4587566.png
478,Fedor Svechkov,C,4874736,https://a.espncdn.com/i/headshots/nhl/players/full/4874736.png
479,Adam Edstrom,C,4894222,https://a.espncdn.com/i/headshots/nhl/players/full/4894222.png
480,Justin Danforth,RW,4894355,https://a.espncdn.com/i/headshots/nhl/players/full/4894355.png
481,Matthew Poitras,C,5080221,https://a.espncdn.com/i/headshots/nhl/players/full/5080221.png
482,Ryan Suter,D,3047,https://a.espncdn.com/i/headshots/nhl/players/full/3047.png
483,TJ Brodie,D,5162,https://a.espncdn.com/i/headshots/nhl/players/full/5162.png
484,Colin Miller,D,2590796,https://a.espncdn.com/i/headshots/nhl/players/full/2590796.png
485,Radek Faksa,C,2976842,https://a.espncdn.com/i/headshots/nhl/players/full/2976842.png
486,Brett Pesce,D,3025535,https://a.espncdn.com/i/headshots/nhl/players/full/3025535.png
487,William Carrier,LW,3042054,https://a.espncdn.com/i/headshots/nhl/players/full/3042054.png
488,Nathan Walker,LW,3067860,https://a.espncdn.com/i/headshots/nhl/players/full/3067860.png
489,Oskar Sundqvist,C,3069277,https://a.espncdn.com/i/headshots/nhl/players/full/3069277.png
490,Tomas Nosek,LW,3112266,https://a.espncdn.com/i/headshots/nhl/players/full/3112266.png
491,Jonas Siegenthaler,D,3904190,https://a.espncdn.com/i/headshots/nhl/players/full/3904190.png
492,Jesse Puljujarvi,RW,4024839,https://a.espncdn.com/i/headshots/nhl/players/full/4024839.png
493,Logan Stanley,D,4024968,https://a.espncdn.com/i/headshots/nhl/players/full/4024968.png
494,Beck Malenstyn,LW,4063240,https://a.espncdn.com/i/headshots/nhl/players/full/4063240.png
495,Tanner Jeannot,LW,4064780,https://a.espncdn.com/i/headshots/nhl/players/full/4064780.png
496,Timothy Liljegren,D,4233618,https://a.espncdn.com/i/headshots/nhl/players/full/4233618.png
497,Ben Chiarot,D,5246,https://a.espncdn.com/i/headshots/nhl/players/full/5246.png
498,Casey Cizikas,C,5262,https://a.espncdn.com/i/headshots/nhl/players/full/5262.png
499,Mark Jankowski,LW,2976849,https://a.espncdn.com/i/headshots/nhl/players/full/2976849.png
500,Anthony Duclair,LW,3042086,https://a.espncdn.com/i/headshots/nhl/players/full/3042086.png
501,Connor Clifton,D,3042191,https://a.espncdn.com/i/headshots/nhl/players/full/3042191.png
502,Carson Soucy,D,3042198,https://a.espncdn.com/i/headshots/nhl/players/full/3042198.png
503,Brock McGinn,LW,3067868,https://a.espncdn.com/i/headshots/nhl/players/full/3067868.png
504,Noel Acciari,C,3096237,https://a.espncdn.com/i/headshots/nhl/players/full/3096237.png
505,Justin Kirkland,C,3149659,
506,Brandon Carlo,D,3904175,https://a.espncdn.com/i/headshots/nhl/players/full/3904175.png
507,Dennis Cholowski,D,4024972,https://a.espncdn.com/i/headshots/nhl/players/full/4024972.png
508,Nathan Bastian,RW,4063279,https://a.espncdn.com/i/headshots/nhl/players/full/4063279.png
509,Jan Rutta,D,4230583,https://a.espncdn.com/i/headshots/nhl/players/full/4230583.png
510,Erik Brannstrom,D,4233606,https://a.espncdn.com/i/headshots/nhl/players/full/4233606.png
511,Alexandre Texier,C,4233880,https://a.espncdn.com/i/headshots/nhl/players/full/4233880.png
512,Morgan Barron,C,4316970,https://a.espncdn.com/i/headshots/nhl/players/full/4316970.png
513,Scott Perunovich,D,4320665,https://a.espncdn.com/i/headshots/nhl/players/full/4320665.png
514,Philipp Kurashev,C,4392541,https://a.espncdn.com/i/headshots/nhl/players/full/4392541.png
515,Pontus Holmberg,RW,4588205,https://a.espncdn.com/i/headshots/nhl/players/full/4588205.png
516,Hendrix Lapierre,C,4697405,https://a.espncdn.com/i/headshots/nhl/players/full/4697405.png
517,Zac Jones,D,4781635,https://a.espncdn.com/i/headshots/nhl/players/full/4781635.png
518,Nolan Allan,D,4874749,https://a.espncdn.com/i/headshots/nhl/players/full/4874749.png
519,Frank Nazar,C,5080157,https://a.espncdn.com/i/headshots/nhl/players/full/5080157.png
520,Ivan Ivan,C,5103714,
521,Conor Timmins,D,4233868,https://a.espncdn.com/i/headshots/nhl/players/full/4233868.png
522,Nicolas Hague,D,4233870,https://a.espncdn.com/i/headshots/nhl/players/full/4233870.png
523,David Kampf,C,4267976,https://a.espncdn.com/i/headshots/nhl/players/full/4267976.png
524,Michael Eyssimont,C,4270247,https://a.espncdn.com/i/headshots/nhl/players/full/4270247.png
525,Zach Whitecloud,D,4312877,https://a.espncdn.com/i/headshots/nhl/players/full/4312877.png
526,Adam Boqvist,D,4352706,https://a.espncdn.com/i/headshots/nhl/players/full/4352706.png
527,Alexey Toropchenko,RW,4392454,https://a.espncdn.com/i/headshots/nhl/players/full/4392454.png
528,Jake Christiansen,D,4392782,https://a.espncdn.com/i/headshots/nhl/players/full/4392782.png
529,Drew Helleson,D,4565270,https://a.espncdn.com/i/headshots/nhl/players/full/4565270.png
530,Tye Kartye,LW,4588750,https://a.espncdn.com/i/headshots/nhl/players/full/4588750.png
531,Brett Berard,LW,4697654,https://a.espncdn.com/i/headshots/nhl/players/full/4697654.png
532,Cole Schwindt,RW,4845286,https://a.espncdn.com/i/headshots/nhl/players/full/4845286.png
533,Luca Del Bel Belluz,C,5080211,https://a.espncdn.com/i/headshots/nhl/players/full/5080211.png
534,Trevor Lewis,C,3454,https://a.espncdn.com/i/headshots/nhl/players/full/3454.png
535,Calvin de Haan,D,5266,https://a.espncdn.com/i/headshots/nhl/players/full/5266.png
536,Scott Mayfield,D,2563069,https://a.espncdn.com/i/headshots/nhl/players/full/2563069.png
537,Hampus Lindholm,D,2968818,https://a.espncdn.com/i/headshots/nhl/players/full/2968818.png
538,Jonny Brodzinski,C,3025614,https://a.espncdn.com/i/headshots/nhl/players/full/3025614.png
539,Anthony Mantha,RW,3042037,https://a.espncdn.com/i/headshots/nhl/players/full/3042037.png
540,Michael McCarron,C,3042048,https://a.espncdn.com/i/headshots/nhl/players/full/3042048.png
541,Pierre Engvall,LW,3151763,https://a.espncdn.com/i/headshots/nhl/players/full/3151763.png
542,Jordan Greenway,LW,3900260,https://a.espncdn.com/i/headshots/nhl/players/full/3900260.png
543,Christian Fischer,RW,3904170,https://a.espncdn.com/i/headshots/nhl/players/full/3904170.png
544,Will Borgen,D,3941946,https://a.espncdn.com/i/headshots/nhl/players/full/3941946.png
545,Jake Bean,D,4024916,https://a.espncdn.com/i/headshots/nhl/players/full/4024916.png
546,Alec Martinez,D,3927,https://a.espncdn.com/i/headshots/nhl/players/full/3927.png
547,Jeff Petry,D,5407,https://a.espncdn.com/i/headshots/nhl/players/full/5407.png
548,Cam Atkinson,RW,2501107,https://a.espncdn.com/i/headshots/nhl/players/full/2501107.png
549,Barclay Goodrow,C,3069411,https://a.espncdn.com/i/headshots/nhl/players/full/3069411.png
550,Phillip Di Giuseppe,LW,3069834,https://a.espncdn.com/i/headshots/nhl/players/full/3069834.png
551,Troy Stecher,D,3096102,https://a.espncdn.com/i/headshots/nhl/players/full/3096102.png
552,Haydn Fleury,D,3114735,https://a.espncdn.com/i/headshots/nhl/players/full/3114735.png
553,Jansen Harkins,C,3900154,https://a.espncdn.com/i/headshots/nhl/players/full/3900154.png
554,Anthony Richard,C,3942058,https://a.espncdn.com/i/headshots/nhl/players/full/3942058.png
555,Noah Gregor,LW,4063460,https://a.espncdn.com/i/headshots/nhl/players/full/4063460.png
556,Urho Vaakanainen,D,4233619,https://a.espncdn.com/i/headshots/nhl/players/full/4233619.png
557,Carl Grundstrom,RW,4271565,https://a.espncdn.com/i/headshots/nhl/players/full/4271565.png
558,Oliver Wahlstrom,RW,4352727,https://a.espncdn.com/i/headshots/nhl/players/full/4352727.png
559,Rasmus Kupari,C,4352762,https://a.espncdn.com/i/headshots/nhl/players/full/4352762.png
560,Brayden Pachal,D,4392769,https://a.espncdn.com/i/headshots/nhl/players/full/4392769.png
561,Kyle MacLean,C,4393199,https://a.espncdn.com/i/headshots/nhl/players/full/4393199.png
562,Justin Barron,D,4697408,https://a.espncdn.com/i/headshots/nhl/players/full/4697408.png
563,Mikael Pyyhtia,LW,4697824,https://a.espncdn.com/i/headshots/nhl/players/full/4697824.png
564,Artem Zub,D,4712021,https://a.espncdn.com/i/headshots/nhl/players/full/4712021.png
565,Nick Blankenburg,D,4781550,https://a.espncdn.com/i/headshots/nhl/players/full/4781550.png
566,Daniil Miromanov,D,4894820,https://a.espncdn.com/i/headshots/nhl/players/full/4894820.png
567,Max Sasson,C,4996099,https://a.espncdn.com/i/headshots/nhl/players/full/4996099.png
568,Ty Dellandrea,C,4352747,https://a.espncdn.com/i/headshots/nhl/players/full/4352747.png
569,Nils Lundkvist,D,4352800,https://a.espncdn.com/i/headshots/nhl/players/full/4352800.png
570,Jakub Lauko,C,4391789,https://a.espncdn.com/i/headshots/nhl/players/full/4391789.png
571,Jayden Struble,D,4565269,https://a.espncdn.com/i/headshots/nhl/players/full/4565269.png
572,Vladislav Kolyachonok,D,4565274,https://a.espncdn.com/i/headshots/nhl/players/full/4565274.png
573,Albert Johansson,D,4565282,https://a.espncdn.com/i/headshots/nhl/players/full/4565282.png
574,Marat Khusnutdinov,C,4697442,https://a.espncdn.com/i/headshots/nhl/players/full/4697442.png
575,Emil Andrae,D,4697457,https://a.espncdn.com/i/headshots/nhl/players/full/4697457.png
576,Adam Wilsby,D,4697765,https://a.espncdn.com/i/headshots/nhl/players/full/4697765.png
577,Jack Thompson,D,4697776,https://a.espncdn.com/i/headshots/nhl/players/full/4697776.png
578,Josh Doan,RW,4874870,https://a.espncdn.com/i/headshots/nhl/players/full/4874870.png
579,Arber Xhekaj,D,4893969,https://a.espncdn.com/i/headshots/nhl/players/full/4893969.png
580,Sam Malinski,D,5136735,https://a.espncdn.com/i/headshots/nhl/players/full/5136735.png
581,Isaiah George,D,5171570,
582,Victor Mancini,D,5188334,https://a.espncdn.com/i/headshots/nhl/players/full/5188334.png
583,Justin Holl,D,5763,https://a.espncdn.com/i/headshots/nhl/players/full/5763.png
584,Jordan Oesterle,D,3097115,https://a.espncdn.com/i/headshots/nhl/players/full/3097115.png
585,Sam Lafferty,C,3151322,https://a.espncdn.com/i/headshots/nhl/players/full/3151322.png
586,Derek Ryan,C,3902133,https://a.espncdn.com/i/headshots/nhl/players/full/3902133.png
587,Daniel Sprong,RW,3904181,https://a.espncdn.com/i/headshots/nhl/players/full/3904181.png
588,Mathieu Joseph,RW,3941965,https://a.espncdn.com/i/headshots/nhl/players/full/3941965.png
589,John Marino,D,3941974,https://a.espncdn.com/i/headshots/nhl/players/full/3941974.png
590,Ryan Lomberg,LW,3942548,https://a.espncdn.com/i/headshots/nhl/players/full/3942548.png
591,Jacob Moverare,D,4063280,https://a.espncdn.com/i/headshots/nhl/players/full/4063280.png
592,Joshua Mahura,D,4063504,https://a.espncdn.com/i/headshots/nhl/players/full/4063504.png
593,Cole Smith,RW,4197130,https://a.espncdn.com/i/headshots/nhl/players/full/4197130.png
594,Juuso Valimaki,D,4233611,https://a.espncdn.com/i/headshots/nhl/players/full/4233611.png
595,Jack Johnson,D,3583,https://a.espncdn.com/i/headshots/nhl/players/full/3583.png
596,Luke Schenn,D,5092,https://a.espncdn.com/i/headshots/nhl/players/full/5092.png
597,Derek Forbort,D,5829,https://a.espncdn.com/i/headshots/nhl/players/full/5829.png
598,Luke Glendening,C,2335062,https://a.espncdn.com/i/headshots/nhl/players/full/2335062.png
599,Curtis Lazar,C,3042023,https://a.espncdn.com/i/headshots/nhl/players/full/3042023.png
600,Tyler Motte,C,3042138,https://a.espncdn.com/i/headshots/nhl/players/full/3042138.png
601,Jon Merrill,D,3059403,https://a.espncdn.com/i/headshots/nhl/players/full/3059403.png
602,Ross Johnston,LW,3067822,https://a.espncdn.com/i/headshots/nhl/players/full/3067822.png
603,Justin Dowling,C,3067879,https://a.espncdn.com/i/headshots/nhl/players/full/3067879.png
604,Jimmy Vesey,LW,3069397,https://a.espncdn.com/i/headshots/nhl/players/full/3069397.png
605,Kevin Rooney,C,3096235,https://a.espncdn.com/i/headshots/nhl/players/full/3096235.png
606,Jacob Bryson,D,4197014,https://a.espncdn.com/i/headshots/nhl/players/full/4197014.png
607,Henri Jokiharju,D,4233705,https://a.espncdn.com/i/headshots/nhl/players/full/4233705.png
608,Klim Kostin,C,4233738,https://a.espncdn.com/i/headshots/nhl/players/full/4233738.png
609,Jacob Bernard-Docker,D,4352798,https://a.espncdn.com/i/headshots/nhl/players/full/4352798.png
610,David Gustafsson,C,4378695,https://a.espncdn.com/i/headshots/nhl/players/full/4378695.png
611,Simon Benoit,D,4392642,https://a.espncdn.com/i/headshots/nhl/players/full/4392642.png
612,Tyler Tucker,D,4587904,https://a.espncdn.com/i/headshots/nhl/players/full/4587904.png
613,Dakota Joshua,C,4588638,https://a.espncdn.com/i/headshots/nhl/players/full/4588638.png
614,Tyler Kleven,D,4697448,https://a.espncdn.com/i/headshots/nhl/players/full/4697448.png
615,Gage Goncalves,C,4697470,https://a.espncdn.com/i/headshots/nhl/players/full/4697470.png
616,Louis Crevier,D,4697681,https://a.espncdn.com/i/headshots/nhl/players/full/4697681.png
617,Rory Kerins,C,4697718,https://a.espncdn.com/i/headshots/nhl/players/full/4697718.png
618,Zack Ostapchuk,C,4874881,https://a.espncdn.com/i/headshots/nhl/players/full/4874881.png
619,Aatu Raty,C,4874912,https://a.espncdn.com/i/headshots/nhl/players/full/4874912.png
620,Colton Dach,C,4874940,https://a.espncdn.com/i/headshots/nhl/players/full/4874940.png
621,Ethen Frank,C,4996093,https://a.espncdn.com/i/headshots/nhl/players/full/4996093.png
622,Ivan Miroshnichenko,LW,5080168,https://a.espncdn.com/i/headshots/nhl/players/full/5080168.png
623,Fraser Minten,C,5080207,https://a.espncdn.com/i/headshots/nhl/players/full/5080207.png
624,Seamus Casey,D,5080212,https://a.espncdn.com/i/headshots/nhl/players/full/5080212.png
625,Akil Thomas,C,4378682,https://a.espncdn.com/i/headshots/nhl/players/full/4378682.png
626,Vincent Desharnais,D,4392260,https://a.espncdn.com/i/headshots/nhl/players/full/4392260.png
627,Marc Del Gaizo,D,4419649,
628,Jordan Harris,D,4419724,https://a.espncdn.com/i/headshots/nhl/players/full/4419724.png
629,Arthur Kaliyev,RW,4565256,https://a.espncdn.com/i/headshots/nhl/players/full/4565256.png
630,Kaedan Korczak,D,4565264,https://a.espncdn.com/i/headshots/nhl/players/full/4565264.png
631,Connor Dewar,C,4588004,https://a.espncdn.com/i/headshots/nhl/players/full/4588004.png
632,Wyatt Kaiser,D,4697717,https://a.espncdn.com/i/headshots/nhl/players/full/4697717.png
633,Matthew Kessel,D,4697719,https://a.espncdn.com/i/headshots/nhl/players/full/4697719.png
634,Matt Rempe,C,4697820,https://a.espncdn.com/i/headshots/nhl/players/full/4697820.png
635,Logan Mailloux,D,4874748,https://a.espncdn.com/i/headshots/nhl/players/full/4874748.png
636,Nikita Chibrikov,RW,4874903,https://a.espncdn.com/i/headshots/nhl/players/full/4874903.png
637,Samuel Helenius,C,4874923,https://a.espncdn.com/i/headshots/nhl/players/full/4874923.png
638,Andre Lee,LW,4997131,https://a.espncdn.com/i/headshots/nhl/players/full/4997131.png
639,Elmer Soderblom,LW,5075840,https://a.espncdn.com/i/headshots/nhl/players/full/5075840.png
640,David Jiricek,D,5080147,https://a.espncdn.com/i/headshots/nhl/players/full/5080147.png
641,Denton Mateychuk,D,5080156,https://a.espncdn.com/i/headshots/nhl/players/full/5080156.png
642,Jonathan Lekkerimaki,RW,5080159,https://a.espncdn.com/i/headshots/nhl/players/full/5080159.png
643,Liam Ohgren,LW,5080163,https://a.espncdn.com/i/headshots/nhl/players/full/5080163.png
644,Owen Pickering,D,5080169,https://a.espncdn.com/i/headshots/nhl/players/full/5080169.png
645,Maveric Lamoureux,D,5080177,https://a.espncdn.com/i/headshots/nhl/players/full/5080177.png
646,Juha Jaaska,LW,5209443,
647,Erik Johnson,D,3649,https://a.espncdn.com/i/headshots/nhl/players/full/3649.png
648,Brendan Smith,D,4973,https://a.espncdn.com/i/headshots/nhl/players/full/4973.png
649,Travis Hamonic,D,5073,https://a.espncdn.com/i/headshots/nhl/players/full/5073.png
650,Tyson Barrie,D,5181,https://a.espncdn.com/i/headshots/nhl/players/full/5181.png
651,Matt Nieto,LW,2563076,https://a.espncdn.com/i/headshots/nhl/players/full/2563076.png
652,Miles Wood,LW,3042110,https://a.espncdn.com/i/headshots/nhl/players/full/3042110.png
653,Devin Shore,C,3069353,https://a.espncdn.com/i/headshots/nhl/players/full/3069353.png
654,Joel Hanley,D,3149612,https://a.espncdn.com/i/headshots/nhl/players/full/3149612.png
655,Mitchell Stephens,C,3904171,https://a.espncdn.com/i/headshots/nhl/players/full/3904171.png
656,Philippe Myers,D,3941140,https://a.espncdn.com/i/headshots/nhl/players/full/3941140.png
657,Zack MacEwen,RW,4063569,https://a.espncdn.com/i/headshots/nhl/players/full/4063569.png
658,Matthew Highmore,C,4135544,https://a.espncdn.com/i/headshots/nhl/players/full/4135544.png
659,Nick DeSimone,D,4196959,https://a.espncdn.com/i/headshots/nhl/players/full/4196959.png
660,Marc-Edouard Vlasic,D,3371,https://a.espncdn.com/i/headshots/nhl/players/full/3371.png
661,Ryan Reaves,RW,3683,https://a.espncdn.com/i/headshots/nhl/players/full/3683.png
662,Robert Bortuzzo,D,4916,https://a.espncdn.com/i/headshots/nhl/players/full/4916.png
663,Tyler Johnson,C,5706,https://a.espncdn.com/i/headshots/nhl/players/full/5706.png
664,Erik Gustafsson,D,5774,https://a.espncdn.com/i/headshots/nhl/players/full/5774.png
665,Michael Sgarbossa,C,2517760,https://a.espncdn.com/i/headshots/nhl/players/full/2517760.png
666,Dylan McIlrath,D,2529256,https://a.espncdn.com/i/headshots/nhl/players/full/2529256.png
667,Zemgus Girgensons,C,2968829,https://a.espncdn.com/i/headshots/nhl/players/full/2968829.png
668,Matt Dumba,D,2970689,https://a.espncdn.com/i/headshots/nhl/players/full/2970689.png
669,John Hayden,C,3042080,https://a.espncdn.com/i/headshots/nhl/players/full/3042080.png
670,Kyle Burroughs,D,3042255,https://a.espncdn.com/i/headshots/nhl/players/full/3042255.png
671,Vinni Lettieri,C,3095892,https://a.espncdn.com/i/headshots/nhl/players/full/3095892.png
672,Tony DeAngelo,D,3114769,https://a.espncdn.com/i/headshots/nhl/players/full/3114769.png
673,Nicolas Aube-Kubel,RW,3115014,https://a.espncdn.com/i/headshots/nhl/players/full/3115014.png
674,Oliver Kylington,D,3900247,https://a.espncdn.com/i/headshots/nhl/players/full/3900247.png
675,Ryan Shea,D,3942033,https://a.espncdn.com/i/headshots/nhl/players/full/3942033.png
676,Parker Wotherspoon,D,3942638,https://a.espncdn.com/i/headshots/nhl/players/full/3942638.png
677,Tyson Jost,C,4024879,https://a.espncdn.com/i/headshots/nhl/players/full/4024879.png
678,P.O Joseph,D,4233653,https://a.espncdn.com/i/headshots/nhl/players/full/4233653.png
679,Jonah Gadjovich,LW,4233890,https://a.espncdn.com/i/headshots/nhl/players/full/4233890.png
680,Keaton Middleton,D,4271557,https://a.espncdn.com/i/headshots/nhl/players/full/4271557.png
681,Walker Duehr,RW,4319940,https://a.espncdn.com/i/headshots/nhl/players/full/4319940.png
682,Ty Smith,D,4352757,https://a.espncdn.com/i/headshots/nhl/players/full/4352757.png
683,Sean Durzi,D,4378683,https://a.espncdn.com/i/headshots/nhl/players/full/4378683.png
684,Grant Hutton,D,4587946,https://a.espncdn.com/i/headshots/nhl/players/full/4587946.png
685,Nils Aman,C,4697579,https://a.espncdn.com/i/headshots/nhl/players/full/4697579.png
686,Landon Slaggert,LW,4697787,https://a.espncdn.com/i/headshots/nhl/players/full/4697787.png
687,Nikita Nesterenko,C,4755696,https://a.espncdn.com/i/headshots/nhl/players/full/4755696.png
688,Marc McLaughlin,C,4755704,https://a.espncdn.com/i/headshots/nhl/players/full/4755704.png
689,John Ludvig,D,4846923,https://a.espncdn.com/i/headshots/nhl/players/full/4846923.png
690,Oliver Kapanen,C,4874943,https://a.espncdn.com/i/headshots/nhl/players/full/4874943.png
691,Cole Reinhardt,LW,4894702,https://a.espncdn.com/i/headshots/nhl/players/full/4894702.png
692,Valtteri Puustinen,RW,4894860,https://a.espncdn.com/i/headshots/nhl/players/full/4894860.png
693,Lian Bichsel,D,5080162,https://a.espncdn.com/i/headshots/nhl/players/full/5080162.png
694,Noah Philp,C,5103537,https://a.espncdn.com/i/headshots/nhl/players/full/5103537.png
695,Collin Graf,RW,5136607,https://a.espncdn.com/i/headshots/nhl/players/full/5136607.png
696,Dominik Shine,RW,4272081,https://a.espncdn.com/i/headshots/nhl/players/full/4272081.png
697,Tanner Laczynski,C,4392137,https://a.espncdn.com/i/headshots/nhl/players/full/4392137.png
698,Ville Heinola,D,4565241,https://a.espncdn.com/i/headshots/nhl/players/full/4565241.png
699,Sam Poulin,C,4565242,https://a.espncdn.com/i/headshots/nhl/players/full/4565242.png
700,Linus Karlsson,C,4587713,https://a.espncdn.com/i/headshots/nhl/players/full/4587713.png
701,Shakir Mukhamadullin,D,4697403,https://a.espncdn.com/i/headshots/nhl/players/full/4697403.png
702,Helge Grans,D,4697440,https://a.espncdn.com/i/headshots/nhl/players/full/4697440.png
703,Sam Colangelo,RW,4697441,https://a.espncdn.com/i/headshots/nhl/players/full/4697441.png
704,Danil Gushchin,LW,4697708,https://a.espncdn.com/i/headshots/nhl/players/full/4697708.png
705,Isaak Phillips,D,4697831,https://a.espncdn.com/i/headshots/nhl/players/full/4697831.png
706,Jack St. Ivany,D,4755690,https://a.espncdn.com/i/headshots/nhl/players/full/4755690.png
707,Ethan Del Mastro,D,4894726,https://a.espncdn.com/i/headshots/nhl/players/full/4894726.png
708,Ryan Winterton,C,4894928,https://a.espncdn.com/i/headshots/nhl/players/full/4894928.png
709,Tyson Kozak,C,4895527,https://a.espncdn.com/i/headshots/nhl/players/full/4895527.png
710,Simon Nemec,D,4915344,https://a.espncdn.com/i/headshots/nhl/players/full/4915344.png
711,Lucas Condotta,LW,4997129,https://a.espncdn.com/i/headshots/nhl/players/full/4997129.png
712,Adam Klapka,RW,5073306,https://a.espncdn.com/i/headshots/nhl/players/full/5073306.png
713,Matej Blumel,RW,5075578,https://a.espncdn.com/i/headshots/nhl/players/full/5075578.png
714,Arshdeep Bains,LW,5103536,https://a.espncdn.com/i/headshots/nhl/players/full/5103536.png
715,Marc Gatcomb,C,5103547,https://a.espncdn.com/i/headshots/nhl/players/full/5103547.png
716,Georgii Merkulov,C,5103687,https://a.espncdn.com/i/headshots/nhl/players/full/5103687.png
717,Declan Carlile,D,5103825,https://a.espncdn.com/i/headshots/nhl/players/full/5103825.png
718,Ethan Cardwell,RW,5142131,https://a.espncdn.com/i/headshots/nhl/players/full/5142131.png
719,Calum Ritchie,C,5149210,
720,Parker Ford,C,5173114,https://a.espncdn.com/i/headshots/nhl/players/full/5173114.png
721,Arttu Hyry,RW,5209793,
722,Justin Hryckowian,C,5229176,https://a.espncdn.com/i/headshots/nhl/players/full/5229176.png
723,David Perron,LW,3792,https://a.espncdn.com/i/headshots/nhl/players/full/3792.png
724,Drew Doughty,D,3995,https://a.espncdn.com/i/headshots/nhl/players/full/3995.png
725,Matt Martin,LW,5050,https://a.espncdn.com/i/headshots/nhl/players/full/5050.png
726,Nicolas Deslauriers,LW,5193,https://a.espncdn.com/i/headshots/nhl/players/full/5193.png
727,T.J. Tynan,C,2563033,https://a.espncdn.com/i/headshots/nhl/players/full/2563033.png
728,Chris Wagner,RW,2590833,https://a.espncdn.com/i/headshots/nhl/players/full/2590833.png
729,Chad Ruhwedel,D,3024837,https://a.espncdn.com/i/headshots/nhl/players/full/3024837.png
730,Drake Caggiula,LW,3025590,https://a.espncdn.com/i/headshots/nhl/players/full/3025590.png
731,Kevin Gravel,D,3025602,https://a.espncdn.com/i/headshots/nhl/players/full/3025602.png
732,Joshua Brown,D,3042228,https://a.espncdn.com/i/headshots/nhl/players/full/3042228.png
733,Vinnie Hinostroza,C,3069613,https://a.espncdn.com/i/headshots/nhl/players/full/3069613.png
734,Andreas Englund,D,3114997,https://a.espncdn.com/i/headshots/nhl/players/full/3114997.png
735,Clark Bishop,C,3149716,https://a.espncdn.com/i/headshots/nhl/players/full/3149716.png
736,Jeremy Lauzon,D,3904185,https://a.espncdn.com/i/headshots/nhl/players/full/3904185.png
737,Dennis Gilbert,D,3942030,https://a.espncdn.com/i/headshots/nhl/players/full/3942030.png
738,Callahan Burke,C,4197114,https://a.espncdn.com/i/headshots/nhl/players/full/4197114.png
739,Joey Anderson,RW,4197161,https://a.espncdn.com/i/headshots/nhl/players/full/4197161.png
740,Nick Leddy,D,5447,https://a.espncdn.com/i/headshots/nhl/players/full/5447.png
741,Erik Gudbranson,D,5503,https://a.espncdn.com/i/headshots/nhl/players/full/5503.png
742,Alexander Petrovic,D,5620,https://a.espncdn.com/i/headshots/nhl/players/full/5620.png
743,Austin Watson,LW,2525761,https://a.espncdn.com/i/headshots/nhl/players/full/2525761.png
744,Patrick Brown,C,2556063,https://a.espncdn.com/i/headshots/nhl/players/full/2556063.png
745,Mike Reilly,D,2563077,https://a.espncdn.com/i/headshots/nhl/players/full/2563077.png
746,John Klingberg,D,2590751,https://a.espncdn.com/i/headshots/nhl/players/full/2590751.png
747,Jani Hakanpaa,D,2960288,https://a.espncdn.com/i/headshots/nhl/players/full/2960288.png
748,Brendan Gaunce,C,2976854,https://a.espncdn.com/i/headshots/nhl/players/full/2976854.png
749,Kurtis MacDermid,LW,2992930,https://a.espncdn.com/i/headshots/nhl/players/full/2992930.png
750,Travis Boyd,C,3024784,https://a.espncdn.com/i/headshots/nhl/players/full/3024784.png
751,Robert Hagg,D,3042013,https://a.espncdn.com/i/headshots/nhl/players/full/3042013.png
752,Steven Santini,D,3042015,https://a.espncdn.com/i/headshots/nhl/players/full/3042015.png
753,Ryan Graves,D,3042122,https://a.espncdn.com/i/headshots/nhl/players/full/3042122.png
754,Hudson Fasching,RW,3042134,https://a.espncdn.com/i/headshots/nhl/players/full/3042134.png
755,Scott Sabourin,RW,3067840,https://a.espncdn.com/i/headshots/nhl/players/full/3067840.png
756,Andreas Athanasiou,C,3068035,https://a.espncdn.com/i/headshots/nhl/players/full/3068035.png
757,Dakota Mermis,D,3069273,https://a.espncdn.com/i/headshots/nhl/players/full/3069273.png
758,Matt Benning,D,3069449,https://a.espncdn.com/i/headshots/nhl/players/full/3069449.png
759,Sonny Milano,LW,3114756,https://a.espncdn.com/i/headshots/nhl/players/full/3114756.png
760,Conor Sheary,LW,3149827,https://a.espncdn.com/i/headshots/nhl/players/full/3149827.png
761,Liam O'Brien,C,3150468,https://a.espncdn.com/i/headshots/nhl/players/full/3150468.png
762,William Lagesson,D,3151168,https://a.espncdn.com/i/headshots/nhl/players/full/3151168.png
763,Mark Friedman,D,3151325,https://a.espncdn.com/i/headshots/nhl/players/full/3151325.png
764,Ben Hutton,D,3571762,https://a.espncdn.com/i/headshots/nhl/players/full/3571762.png
765,Colin White,C,3900259,https://a.espncdn.com/i/headshots/nhl/players/full/3900259.png
766,Noah Juulsen,D,3900504,https://a.espncdn.com/i/headshots/nhl/players/full/3900504.png
767,Travis Dermott,D,3904172,https://a.espncdn.com/i/headshots/nhl/players/full/3904172.png
768,Kyle Capobianco,D,3939716,https://a.espncdn.com/i/headshots/nhl/players/full/3939716.png
769,Bokondji Imama,LW,3939856,https://a.espncdn.com/i/headshots/nhl/players/full/3939856.png
770,Caleb Jones,D,3941970,https://a.espncdn.com/i/headshots/nhl/players/full/3941970.png
771,Dominic Toninato,C,3942809,https://a.espncdn.com/i/headshots/nhl/players/full/3942809.png
772,Guillaume Brisebois,D,3942866,https://a.espncdn.com/i/headshots/nhl/players/full/3942866.png
773,Alexander Nylander,LW,4024861,https://a.espncdn.com/i/headshots/nhl/players/full/4024861.png
774,Julien Gauthier,RW,4024975,https://a.espncdn.com/i/headshots/nhl/players/full/4024975.png
775,Max Jones,LW,4024980,https://a.espncdn.com/i/headshots/nhl/players/full/4024980.png
776,Riley Tufte,LW,4024985,https://a.espncdn.com/i/headshots/nhl/players/full/4024985.png
777,Rasmus Asplund,C,4027020,https://a.espncdn.com/i/headshots/nhl/players/full/4027020.png
778,Riley Stillman,D,4063378,https://a.espncdn.com/i/headshots/nhl/players/full/4063378.png
779,Givani Smith,RW,4063602,https://a.espncdn.com/i/headshots/nhl/players/full/4063602.png
780,Dylan Coghlan,D,4063606,https://a.espncdn.com/i/headshots/nhl/players/full/4063606.png
781,Rodrigo Abols,C,4064976,https://a.espncdn.com/i/headshots/nhl/players/full/4064976.png
782,Corey Schueneman,D,4196930,https://a.espncdn.com/i/headshots/nhl/players/full/4196930.png
783,Kailer Yamamoto,RW,4233648,https://a.espncdn.com/i/headshots/nhl/players/full/4233648.png
784,Shane Bowers,C,4233686,https://a.espncdn.com/i/headshots/nhl/players/full/4233686.png
785,Ben Jones,C,4270546,https://a.espncdn.com/i/headshots/nhl/players/full/4270546.png
786,Alex Barre-Boulet,C,4270820,https://a.espncdn.com/i/headshots/nhl/players/full/4270820.png
787,Nathan Clurman,D,4272071,https://a.espncdn.com/i/headshots/nhl/players/full/4272071.png
788,Connor Mackey,D,4319927,https://a.espncdn.com/i/headshots/nhl/players/full/4319927.png
789,Grigori Denisenko,LW,4352755,https://a.espncdn.com/i/headshots/nhl/players/full/4352755.png
790,Liam Foudy,C,4352758,https://a.espncdn.com/i/headshots/nhl/players/full/4352758.png
791,Alexander Alexeyev,D,4352805,https://a.espncdn.com/i/headshots/nhl/players/full/4352805.png
792,Rafael Harvey-Pinard,LW,4391250,https://a.espncdn.com/i/headshots/nhl/players/full/4391250.png
793,Michael Pezzetta,LW,4392215,https://a.espncdn.com/i/headshots/nhl/players/full/4392215.png
794,Cale Fleury,D,4393055,https://a.espncdn.com/i/headshots/nhl/players/full/4393055.png
795,Spencer Stastney,D,4393406,https://a.espncdn.com/i/headshots/nhl/players/full/4393406.png
796,Alex Steeves,C,4419815,https://a.espncdn.com/i/headshots/nhl/players/full/4419815.png
797,Jonas Rondbjerg,RW,4425678,https://a.espncdn.com/i/headshots/nhl/players/full/4425678.png
798,Tobias Bjornfot,D,4565243,https://a.espncdn.com/i/headshots/nhl/players/full/4565243.png
799,Nolan Foote,LW,4565248,https://a.espncdn.com/i/headshots/nhl/players/full/4565248.png
800,Ryan Suzuki,C,4565249,https://a.espncdn.com/i/headshots/nhl/players/full/4565249.png
801,Ryan Johnson,D,4565252,https://a.espncdn.com/i/headshots/nhl/players/full/4565252.png
802,Raphael Lavoie,C,4565261,https://a.espncdn.com/i/headshots/nhl/players/full/4565261.png
803,Samuel Bolduc,D,4565279,https://a.espncdn.com/i/headshots/nhl/players/full/4565279.png
804,Reese Johnson,C,4586824,https://a.espncdn.com/i/headshots/nhl/players/full/4586824.png
805,Jan Jenik,C,4587568,https://a.espncdn.com/i/headshots/nhl/players/full/4587568.png
806,Michael Callahan,D,4587574,https://a.espncdn.com/i/headshots/nhl/players/full/4587574.png
807,Olle Lycksell,RW,4587805,https://a.espncdn.com/i/headshots/nhl/players/full/4587805.png
808,Adam Ginning,D,4587818,https://a.espncdn.com/i/headshots/nhl/players/full/4587818.png
809,Nathan Legare,RW,4587901,https://a.espncdn.com/i/headshots/nhl/players/full/4587901.png
810,Mason Morelli,LW,4587953,https://a.espncdn.com/i/headshots/nhl/players/full/4587953.png
811,Tye Felhaber,LW,4588182,https://a.espncdn.com/i/headshots/nhl/players/full/4588182.png
812,Jeffrey Viel,LW,4588188,https://a.espncdn.com/i/headshots/nhl/players/full/4588188.png
813,Brendan Brisson,C,4697412,https://a.espncdn.com/i/headshots/nhl/players/full/4697412.png
814,Ozzy Wiesblatt,C,4697414,https://a.espncdn.com/i/headshots/nhl/players/full/4697414.png
815,Vasily Ponomarev,C,4697456,https://a.espncdn.com/i/headshots/nhl/players/full/4697456.png
816,Jack Finley,C,4697460,https://a.espncdn.com/i/headshots/nhl/players/full/4697460.png
817,Chase Bradley,LW,4697664,
818,Daemon Hunt,D,4697711,https://a.espncdn.com/i/headshots/nhl/players/full/4697711.png
819,Donovan Sebrango,D,4697791,https://a.espncdn.com/i/headshots/nhl/players/full/4697791.png
820,Patrick Giles,RW,4755703,https://a.espncdn.com/i/headshots/nhl/players/full/4755703.png
821,Ben Meyers,C,4755729,https://a.espncdn.com/i/headshots/nhl/players/full/4755729.png
822,Owen Sillinger,C,4781578,https://a.espncdn.com/i/headshots/nhl/players/full/4781578.png
823,Mike Hardman,LW,4808819,https://a.espncdn.com/i/headshots/nhl/players/full/4808819.png
824,Isak Rosen,RW,4874731,https://a.espncdn.com/i/headshots/nhl/players/full/4874731.png
825,Fabian Lysell,RW,4874738,https://a.espncdn.com/i/headshots/nhl/players/full/4874738.png
826,Oskar Olausson,RW,4874745,https://a.espncdn.com/i/headshots/nhl/players/full/4874745.png
827,James Malatesta,LW,4894618,https://a.espncdn.com/i/headshots/nhl/players/full/4894618.png
828,Daniil Misyul,D,4894671,https://a.espncdn.com/i/headshots/nhl/players/full/4894671.png
829,Jason Polin,RW,4996083,
830,Jacob Quillan,C,4997056,
831,Brian Halonen,LW,4997092,https://a.espncdn.com/i/headshots/nhl/players/full/4997092.png
832,Joshua Roy,RW,5012030,https://a.espncdn.com/i/headshots/nhl/players/full/5012030.png
833,Kevin Korchinski,D,5080148,https://a.espncdn.com/i/headshots/nhl/players/full/5080148.png
834,Rutger McGroarty,RW,5080158,https://a.espncdn.com/i/headshots/nhl/players/full/5080158.png
835,Brad Lambert,C,5080178,https://a.espncdn.com/i/headshots/nhl/players/full/5080178.png
836,Owen Beck,C,5080202,https://a.espncdn.com/i/headshots/nhl/players/full/5080202.png
837,Tristan Luneau,D,5080220,https://a.espncdn.com/i/headshots/nhl/players/full/5080220.png
838,Michael Milne,LW,5103698,https://a.espncdn.com/i/headshots/nhl/players/full/5103698.png
839,Maxwell Crozier,D,5104716,https://a.espncdn.com/i/headshots/nhl/players/full/5104716.png
840,Matt Stienburg,C,5136731,
841,Samuel Honzek,LW,5149191,https://a.espncdn.com/i/headshots/nhl/players/full/5149191.png
842,Nikolas Matinpalo,D,5174232,https://a.espncdn.com/i/headshots/nhl/players/full/5174232.png
843,Nikita Grebenkin,RW,5188490,https://a.espncdn.com/i/headshots/nhl/players/full/5188490.png
844,Jett Luchanko,C,5216881,
845,Jere Innala,LW,5229169,https://a.espncdn.com/i/headshots/nhl/players/full/5229169.png
846,Nikita Prishchepov,C,5238048,
847,Elias N. Pettersson,D,5238086,
